label,count,ratio
0,17531,0.849741
1,3100,0.150259
