{
  "createdAt": "2026-05-10 21:55:00",
  "input": "D:\\软件\\机器学习\\zephyr-watch-main (1)\\zephyr-watch-main\\zephyr-ml\\data\\train_dataset.csv",
  "trainSamples": 16561,
  "testSamples": 4070,
  "positiveTrainSamples": 2480,
  "positiveTestSamples": 620,
  "metrics": [
    {
      "model": "logistic_regression",
      "threshold": {
        "threshold": 0.83,
        "f1": 0.8956661316211878,
        "precision": 0.8913738019169329,
        "recall": 0.9
      },
      "accuracy": 0.9680589680589681,
      "precision": 0.8913738019169329,
      "recall": 0.9,
      "f1": 0.8956661316211878,
      "pr_auc": 0.9628055471937254,
      "confusionMatrix": {
        "tn": 3382,
        "fp": 68,
        "fn": 62,
        "tp": 558
      },
      "roc_auc": 0.9920864890135578
    },
    {
      "model": "xgboost",
      "threshold": {
        "threshold": 0.76,
        "f1": 0.8793650793650792,
        "precision": 0.865625,
        "recall": 0.8935483870967742
      },
      "accuracy": 0.9626535626535626,
      "precision": 0.865625,
      "recall": 0.8935483870967742,
      "f1": 0.8793650793650792,
      "pr_auc": 0.9574403082630781,
      "confusionMatrix": {
        "tn": 3364,
        "fp": 86,
        "fn": 66,
        "tp": 554
      },
      "roc_auc": 0.9902407667134175
    },
    {
      "model": "lightgbm",
      "threshold": {
        "threshold": 0.71,
        "f1": 0.8794212218649518,
        "precision": 0.8766025641025641,
        "recall": 0.882258064516129
      },
      "accuracy": 0.9631449631449631,
      "precision": 0.8766025641025641,
      "recall": 0.882258064516129,
      "f1": 0.8794212218649518,
      "pr_auc": 0.9555149695966703,
      "confusionMatrix": {
        "tn": 3373,
        "fp": 77,
        "fn": 73,
        "tp": 547
      },
      "roc_auc": 0.9901056568489949
    },
    {
      "model": "random_forest",
      "threshold": {
        "threshold": 0.62,
        "f1": 0.8763308763308764,
        "precision": 0.8901830282861897,
        "recall": 0.8629032258064516
      },
      "accuracy": 0.9628992628992629,
      "precision": 0.8901830282861897,
      "recall": 0.8629032258064516,
      "f1": 0.8763308763308764,
      "pr_auc": 0.9541294637755467,
      "confusionMatrix": {
        "tn": 3384,
        "fp": 66,
        "fn": 85,
        "tp": 535
      },
      "roc_auc": 0.9899878447872839
    }
  ],
  "skippedModels": []
}