model,threshold,precision,recall,f1
logistic_regression,0.83,0.8913738019169329,0.9,0.8956661316211878
xgboost,0.76,0.865625,0.8935483870967742,0.8793650793650792
lightgbm,0.71,0.8766025641025641,0.882258064516129,0.8794212218649518
random_forest,0.62,0.8901830282861897,0.8629032258064516,0.8763308763308764
