label,count,ratio
0,1,0.083333
1,11,0.916667
